{"loss/a_loss": -0.6798191058449448, "loss/c_loss": 0.3513718474656343, "rewards": 658.2424801845547, "_timestamp": 1711469390.033568, "_runtime": 426.6297838687897, "_step": 999, "_wandb": {"runtime": 425}}