{"loss/a_loss": -0.40980679616332055, "loss/c_loss": 0.11511955130845308, "rewards": 1587.475319226949, "loss/i_loss": 0.2912454977631569, "_timestamp": 1711469917.3096, "_runtime": 384.76202416419983, "_step": 999, "_wandb": {"runtime": 383}}